wojewodztwo;powiat_miasto;liczba_przypadkow;liczba_na_10_tys_mieszkancow;zgony;zgony_w_wyniku_covid_bez_chorob_wspolistniejacych;zgony_w_wyniku_covid_i_chorob_wspolistniejacych;liczba_zlecen_poz;liczba_ozdrowiencow;liczba_osob_objetych_kwarantanna;liczba_wykonanych_testow;liczba_testow_z_wynikiem_pozytywnym;liczba_testow_z_wynikiem_negatywnym;liczba_pozostalych_testow;teryt
Cały kraj;Cały kraj;5048;1.32;68;8;60;297;10804;165716;20632;5720;14202;710;t0000
dolnośląskie;bolesławiecki;17;1.89;;;;;43;343;33;17;16;0;t0201
dolnośląskie;dzierżoniowski;3;0.30;;;;;7;187;20;5;14;1;t0202
dolnośląskie;głogowski;9;1.01;;;;;20;247;36;10;25;1;t0203
dolnośląskie;górowski;1;0.29;;;;;12;98;7;2;5;0;t0204
dolnośląskie;jaworski;5;1.00;;;;;19;118;20;6;14;0;t0205
dolnośląskie;jeleniogórski;1;0.16;;;;;15;178;9;5;4;0;t0206
dolnośląskie;kamiennogórski;1;0.23;;;;;4;133;14;1;13;0;t0207
dolnośląskie;kłodzki;9;0.57;;;;;14;351;51;9;41;1;t0208
dolnośląskie;legnicki;1;0.18;;;;;2;140;18;1;16;1;t0209
dolnośląskie;lubański;;;;;;;14;283;1;0;1;0;t0210
dolnośląskie;lubiński;4;0.38;;;;1;20;323;36;5;30;1;t0211
dolnośląskie;lwówecki;;;;;;1;6;152;5;0;5;0;t0212
dolnośląskie;milicki;3;0.81;;;;;5;127;10;3;7;0;t0213
dolnośląskie;oleśnicki;20;1.86;;;;;21;379;48;22;26;0;t0214
dolnośląskie;oławski;12;1.56;;;;;5;374;38;13;25;0;t0215
dolnośląskie;polkowicki;2;0.32;;;;;12;151;19;2;17;0;t0216
dolnośląskie;strzeliński;9;2.07;;;;;;137;24;10;13;1;t0217
dolnośląskie;średzki;5;0.90;;;;;12;215;15;5;10;0;t0218
dolnośląskie;świdnicki;7;0.45;;;;;38;783;34;8;26;0;t0219
dolnośląskie;trzebnicki;5;0.59;;;;;19;340;32;7;25;0;t0220
dolnośląskie;wałbrzyski;8;1.44;;;;;16;271;31;10;21;0;t0221
dolnośląskie;wołowski;4;0.86;;;;;11;227;18;4;14;0;t0222
dolnośląskie;wrocławski;15;0.97;;;;;34;810;83;17;66;0;t0223
dolnośląskie;ząbkowicki;8;1.24;;;;;22;191;25;9;15;1;t0224
dolnośląskie;zgorzelecki;5;0.56;;;;;22;420;15;5;10;0;t0225
dolnośląskie;złotoryjski;2;0.46;;;;;3;332;6;2;4;0;t0226
dolnośląskie;Jelenia Góra;2;0.25;;;;;26;250;8;3;5;0;t0261
dolnośląskie;Legnica;9;0.91;;;;;9;435;42;10;32;0;t0262
dolnośląskie;Wrocław;39;0.61;;;;3;135;2378;293;51;237;5;t0264
dolnośląskie;Wałbrzych;13;1.18;;;;;29;353;69;18;51;0;t0265
kujawsko-pomorskie;aleksandrowski;1;0.18;;;;;30;214;9;1;8;0;t0401
kujawsko-pomorskie;brodnicki;11;1.39;;;;;24;448;48;13;35;0;t0402
kujawsko-pomorskie;bydgoski;52;4.35;;;;7;68;1257;112;54;55;3;t0403
kujawsko-pomorskie;chełmiński;8;1.54;;;;2;23;435;56;18;37;1;t0404
kujawsko-pomorskie;golubsko-dobrzyński;3;0.67;;;;;11;182;12;3;8;1;t0405
kujawsko-pomorskie;grudziądzki;10;2.49;1;;1;;21;398;23;10;13;0;t0406
kujawsko-pomorskie;inowrocławski;35;2.20;4;;4;;78;1001;99;53;45;1;t0407
kujawsko-pomorskie;lipnowski;3;0.46;;;;;11;309;21;4;17;0;t0408
kujawsko-pomorskie;mogileński;2;0.44;;;;;23;231;9;2;7;0;t0409
kujawsko-pomorskie;nakielski;21;2.44;;;;2;31;707;40;21;19;0;t0410
kujawsko-pomorskie;radziejowski;6;1.49;;;;;3;220;15;6;8;1;t0411
kujawsko-pomorskie;rypiński;2;0.46;;;;;9;167;12;2;10;0;t0412
kujawsko-pomorskie;sępoleński;1;0.24;;;;;11;343;28;1;25;2;t0413
kujawsko-pomorskie;świecki;22;2.22;;;;6;47;854;44;24;20;0;t0414
kujawsko-pomorskie;toruński;29;2.66;;;;2;58;1020;75;34;39;2;t0415
kujawsko-pomorskie;tucholski;23;4.76;;;;;16;413;46;24;20;2;t0416
kujawsko-pomorskie;wąbrzeski;1;0.29;;;;;14;197;17;1;16;0;t0417
kujawsko-pomorskie;włocławski;12;1.40;;;;;45;442;34;12;21;1;t0418
kujawsko-pomorskie;żniński;10;1.43;1;;1;;30;500;34;13;21;0;t0419
kujawsko-pomorskie;Bydgoszcz;124;3.58;;;;31;208;2794;410;158;244;8;t0461
kujawsko-pomorskie;Grudziądz;35;3.72;1;;1;1;58;758;68;36;31;1;t0462
kujawsko-pomorskie;Toruń;36;1.79;2;;2;9;131;1393;101;37;60;4;t0463
kujawsko-pomorskie;Włocławek;25;2.29;2;;2;;46;595;69;25;43;1;t0464
lubelskie;bialski;5;0.45;;;;;19;330;25;5;20;0;t0601
lubelskie;biłgorajski;3;0.30;;;;;6;144;29;3;26;0;t0602
lubelskie;chełmski;10;1.29;;;;;21;354;20;10;10;0;t0603
lubelskie;hrubieszowski;7;1.12;;;;;17;265;44;7;36;1;t0604
lubelskie;janowski;;;;;;;3;70;4;0;4;0;t0605
lubelskie;krasnostawski;6;0.95;;;;4;59;478;31;6;25;0;t0606
lubelskie;kraśnicki;7;0.74;6;;6;;32;282;31;8;22;1;t0607
lubelskie;lubartowski;7;0.79;;;;5;18;340;44;11;33;0;t0608
lubelskie;lubelski;29;1.86;;;;6;45;686;107;32;70;5;t0609
lubelskie;łęczyński;7;1.22;;;;;23;306;22;7;15;0;t0610
lubelskie;łukowski;4;0.38;;;;;15;169;25;4;21;0;t0611
lubelskie;opolski;18;3.05;;;;2;18;269;37;19;18;0;t0612
lubelskie;parczewski;2;0.58;;;;;8;101;9;3;6;0;t0613
lubelskie;puławski;12;1.06;;;;1;32;506;66;15;51;0;t0614
lubelskie;radzyński;9;1.54;;;;;9;160;18;9;9;0;t0615
lubelskie;rycki;;;;;;1;7;179;3;0;3;0;t0616
lubelskie;świdnicki;24;3.35;;;;2;28;509;69;25;43;1;t0617
lubelskie;tomaszowski;;;;;;;15;190;24;1;23;0;t0618
lubelskie;włodawski;9;2.36;;;;;10;180;26;9;17;0;t0619
lubelskie;zamojski;9;0.85;;;;;11;247;39;9;29;1;t0620
lubelskie;Biała Podlaska;3;0.52;;;;;15;180;18;4;14;0;t0661
lubelskie;Chełm;15;2.44;1;;1;;35;378;34;17;17;0;t0662
lubelskie;Lublin;74;2.18;;;;1;126;1430;250;77;171;2;t0663
lubelskie;Zamość;8;1.27;;;;;18;186;41;11;30;0;t0664
lubuskie;gorzowski;3;0.42;;;;;39;385;11;3;8;0;t0801
lubuskie;krośnieński;4;0.73;;;;;19;529;13;4;9;0;t0802
lubuskie;międzyrzecki;11;1.92;;;;;37;346;39;13;26;0;t0803
lubuskie;nowosolski;5;0.58;;;;;18;333;20;6;13;1;t0804
lubuskie;słubicki;20;4.26;;;;2;43;430;48;21;25;2;t0805
lubuskie;strzelecko-drezdenecki;20;4.09;;;;5;25;213;38;20;18;0;t0806
lubuskie;sulęciński;;;;;;;13;351;20;1;18;1;t0807
lubuskie;świebodziński;11;1.98;;;;;20;371;27;11;16;0;t0808
lubuskie;zielonogórski;4;0.53;;;;;24;501;20;4;14;2;t0809
lubuskie;żagański;3;0.38;;;;;13;247;21;3;17;1;t0810
lubuskie;żarski;6;0.63;;;;1;26;354;30;6;22;2;t0811
lubuskie;wschowski;1;0.26;;;;;11;158;14;1;12;1;t0812
lubuskie;Gorzów Wielkopolski;;;;;;;66;539;10;0;10;0;t0861
lubuskie;Zielona Góra;23;1.63;;;;;83;789;72;23;48;1;t0862
łódzkie;bełchatowski;2;0.18;;;;;20;319;31;3;27;1;t1001
łódzkie;kutnowski;7;0.73;;;;;34;437;44;7;37;0;t1002
łódzkie;łaski;1;0.20;;;;;6;185;11;2;9;0;t1003
łódzkie;łęczycki;11;2.22;;;;;11;314;40;12;27;1;t1004
łódzkie;łowicki;2;0.26;;;;;16;290;26;2;24;0;t1005
łódzkie;łódzki wschodni;6;0.83;;;;;27;317;40;7;31;2;t1006
łódzkie;opoczyński;2;0.26;;;;;3;105;22;2;20;0;t1007
łódzkie;pabianicki;17;1.43;;;;11;63;547;55;20;33;2;t1008
łódzkie;pajęczański;5;0.98;;;;1;13;135;16;5;10;1;t1009
łódzkie;piotrkowski;3;0.33;;;;6;18;288;22;3;19;0;t1010
łódzkie;poddębicki;13;3.17;;;;;15;246;29;13;16;0;t1011
łódzkie;radomszczański;11;0.98;;;;;17;272;34;11;22;1;t1012
łódzkie;rawski;1;0.21;;;;;4;294;12;1;11;0;t1013
łódzkie;sieradzki;11;0.94;;;;1;18;490;46;11;31;4;t1014
łódzkie;skierniewicki;3;0.79;;;;;5;204;15;3;12;0;t1015
łódzkie;tomaszowski;9;0.77;;;;;13;433;39;12;26;1;t1016
łódzkie;wieluński;12;1.58;;;;;14;201;28;12;13;3;t1017
łódzkie;wieruszowski;2;0.48;;;;;7;144;11;2;9;0;t1018
łódzkie;zduńskowolski;1;0.15;;;;;11;216;16;3;13;0;t1019
łódzkie;zgierski;36;2.17;;;;3;75;933;106;39;66;1;t1020
łódzkie;brzeziński;3;0.97;;;;1;5;117;12;3;9;0;t1021
łódzkie;Łódź;115;1.70;;;;7;296;3653;461;129;315;17;t1061
łódzkie;Piotrków Trybunalski;2;0.27;;;;;11;352;14;2;11;1;t1062
łódzkie;Skierniewice;5;1.04;;;;;8;278;18;5;13;0;t1063
małopolskie;bocheński;22;2.06;;;;;5;153;129;29;79;21;t1201
małopolskie;brzeski;6;0.64;;;;;6;118;46;7;38;1;t1202
małopolskie;chrzanowski;3;0.24;;;;;15;244;25;3;22;0;t1203
małopolskie;dąbrowski;;;;;;;4;64;5;0;4;1;t1204
małopolskie;gorlicki;1;0.09;;;;;10;151;34;1;33;0;t1205
małopolskie;krakowski;15;0.53;;;;;32;615;109;19;72;18;t1206
małopolskie;limanowski;2;0.15;;;;1;4;105;25;3;22;0;t1207
małopolskie;miechowski;3;0.62;;;;;1;63;13;3;10;0;t1208
małopolskie;myślenicki;4;0.31;;;;;6;167;44;4;35;5;t1209
małopolskie;nowosądecki;3;0.14;;;;;11;151;63;5;50;8;t1210
małopolskie;nowotarski;2;0.10;;;;1;3;67;44;3;37;4;t1211
małopolskie;olkuski;2;0.18;;;;;10;150;25;2;23;0;t1212
małopolskie;oświęcimski;11;0.72;;;;;19;312;34;12;19;3;t1213
małopolskie;proszowicki;;;;;;;3;52;8;0;6;2;t1214
małopolskie;suski;6;0.71;;;;;3;116;25;7;14;4;t1215
małopolskie;tarnowski;7;0.35;;;;;21;252;42;7;21;14;t1216
małopolskie;tatrzański;2;0.29;;;;;2;112;33;5;23;5;t1217
małopolskie;wadowicki;3;0.19;;;;1;18;336;62;3;41;18;t1218
małopolskie;wielicki;6;0.46;;;;;22;315;62;7;43;12;t1219
małopolskie;Kraków;61;0.78;;;;1;107;1839;434;66;324;44;t1261
małopolskie;Nowy Sącz;7;0.84;1;;1;;1;60;44;8;26;10;t1262
małopolskie;Tarnów;3;0.28;;;;;23;154;42;3;31;8;t1263
mazowieckie;białobrzeski;4;1.20;;;;;9;175;11;5;6;0;t1401
mazowieckie;ciechanowski;12;1.35;;;;;18;405;73;12;59;2;t1402
mazowieckie;garwoliński;8;0.73;;;;;12;141;24;9;15;0;t1403
mazowieckie;gostyniński;6;1.34;;;;;10;157;26;6;20;0;t1404
mazowieckie;grodziski;6;0.62;;;;;42;824;23;6;17;0;t1405
mazowieckie;grójecki;13;1.32;;;;;42;878;45;15;30;0;t1406
mazowieckie;kozienicki;6;1.00;;;;;5;296;24;6;18;0;t1407
mazowieckie;legionowski;22;1.84;;;;;39;762;70;25;43;2;t1408
mazowieckie;lipski;2;0.59;;;;;2;97;13;2;11;0;t1409
mazowieckie;łosicki;;;;;;1;4;111;3;0;3;0;t1410
mazowieckie;makowski;6;1.34;;;;;13;150;15;6;9;0;t1411
mazowieckie;miński;34;2.19;;;;;41;473;115;44;67;4;t1412
mazowieckie;mławski;13;1.79;;;;;21;537;39;13;23;3;t1413
mazowieckie;nowodworski;10;1.26;;;;;15;362;41;12;29;0;t1414
mazowieckie;ostrołęcki;4;0.45;;;;;8;224;21;4;16;1;t1415
mazowieckie;ostrowski;5;0.69;;;;;11;243;24;6;17;1;t1416
mazowieckie;otwocki;28;2.25;;;;;41;646;93;28;60;5;t1417
mazowieckie;piaseczyński;35;1.85;1;;1;;39;1094;123;36;81;6;t1418
mazowieckie;płocki;10;0.90;;;;3;29;435;56;11;42;3;t1419
mazowieckie;płoński;9;1.04;;;;;14;486;33;10;20;3;t1420
mazowieckie;pruszkowski;10;0.60;;;;;29;1311;67;12;53;2;t1421
mazowieckie;przasnyski;21;4.01;;;;;27;295;63;23;40;0;t1422
mazowieckie;przysuski;2;0.48;;;;;16;74;10;2;7;1;t1423
mazowieckie;pułtuski;5;0.96;;;;;11;164;22;5;15;2;t1424
mazowieckie;radomski;6;0.39;;;;;14;371;54;6;47;1;t1425
mazowieckie;siedlecki;2;0.25;;;;;8;240;11;2;9;0;t1426
mazowieckie;sierpecki;1;0.19;1;;1;3;6;213;9;1;8;0;t1427
mazowieckie;sochaczewski;6;0.71;;;;;7;449;34;6;28;0;t1428
mazowieckie;sokołowski;1;0.19;;;;;7;123;6;1;5;0;t1429
mazowieckie;szydłowiecki;1;0.25;;;;;2;79;14;1;12;1;t1430
mazowieckie;warszawski zachodni;10;0.84;;;;2;54;885;40;10;29;1;t1432
mazowieckie;węgrowski;8;1.22;;;;;10;248;24;8;13;3;t1433
mazowieckie;wołomiński;16;0.64;;;;11;47;1345;98;19;73;6;t1434
mazowieckie;wyszkowski;9;1.21;;;;1;8;217;32;10;21;1;t1435
mazowieckie;zwoleński;5;1.39;;;;;7;161;25;5;20;0;t1436
mazowieckie;żuromiński;2;0.52;;;;;7;125;4;2;2;0;t1437
mazowieckie;żyrardowski;18;2.38;4;;4;;32;378;49;23;24;2;t1438
mazowieckie;Ostrołęka;2;0.39;;;;1;3;116;12;2;10;0;t1461
mazowieckie;Płock;29;2.44;3;;3;;30;563;97;33;57;7;t1462
mazowieckie;Radom;28;1.33;;;;;46;542;124;32;91;1;t1463
mazowieckie;Siedlce;4;0.51;;;;;13;252;18;4;13;1;t1464
mazowieckie;Warszawa;322;1.80;10;;10;16;532;8375;1436;351;1029;56;t1465
opolskie;brzeski;8;0.89;;;;;18;315;21;8;13;0;t1601
opolskie;głubczycki;1;0.22;;;;4;23;183;9;3;6;0;t1602
opolskie;kędzierzyńsko-kozielski;8;0.86;;;;;21;371;31;8;23;0;t1603
opolskie;kluczborski;5;0.77;;;;;17;215;13;5;8;0;t1604
opolskie;krapkowicki;2;0.31;;;;;10;209;17;2;15;0;t1605
opolskie;namysłowski;11;2.58;;;;;9;140;21;11;10;0;t1606
opolskie;nyski;7;0.52;;;;;24;336;32;7;25;0;t1607
opolskie;oleski;7;1.09;;;;;18;222;23;7;16;0;t1608
opolskie;opolski;16;1.29;;;;;27;421;53;17;35;1;t1609
opolskie;prudnicki;7;1.27;;;;;3;133;16;7;9;0;t1610
opolskie;strzelecki;7;0.94;1;;1;;16;364;21;7;13;1;t1611
opolskie;Opole;18;1.41;;;;;48;777;74;20;54;0;t1661
podkarpackie;bieszczadzki;1;0.46;;;;;6;26;8;2;6;0;t1801
podkarpackie;brzozowski;2;0.31;;;;;5;108;13;3;10;0;t1802
podkarpackie;dębicki;4;0.30;;;;;9;148;39;4;34;1;t1803
podkarpackie;jarosławski;7;0.58;;;;;9;289;39;11;26;2;t1804
podkarpackie;jasielski;4;0.35;;;;;4;155;34;5;29;0;t1805
podkarpackie;kolbuszowski;1;0.16;;;;;1;74;17;2;14;1;t1806
podkarpackie;krośnieński;2;0.18;;;;;2;114;9;2;7;0;t1807
podkarpackie;leżajski;2;0.29;1;;1;;13;103;8;2;6;0;t1808
podkarpackie;lubaczowski;4;0.73;;;;;6;228;34;5;29;0;t1809
podkarpackie;łańcucki;3;0.37;;;;;20;238;20;3;14;3;t1810
podkarpackie;mielecki;6;0.44;;;;;6;172;70;16;53;1;t1811
podkarpackie;niżański;2;0.30;;;;;9;193;11;3;8;0;t1812
podkarpackie;przemyski;7;0.95;;;;;8;233;39;8;29;2;t1813
podkarpackie;przeworski;9;1.15;;;;;2;114;28;11;17;0;t1814
podkarpackie;ropczycko-sędziszowski;13;1.74;;;;;1;63;33;13;15;5;t1815
podkarpackie;rzeszowski;9;0.53;;;;;22;370;41;10;31;0;t1816
podkarpackie;sanocki;4;0.42;;;;;14;84;18;4;14;0;t1817
podkarpackie;stalowowolski;14;1.32;;;;;25;319;44;20;24;0;t1818
podkarpackie;strzyżowski;3;0.49;;;;;12;126;11;4;7;0;t1819
podkarpackie;tarnobrzeski;6;1.13;;;;;5;125;27;13;14;0;t1820
podkarpackie;leski;1;0.38;;;;;7;43;4;1;3;0;t1821
podkarpackie;Krosno;1;0.22;;;;;;68;9;1;6;2;t1861
podkarpackie;Przemyśl;7;1.16;;;;;19;168;47;9;38;0;t1862
podkarpackie;Rzeszów;15;0.76;;;;;27;449;57;17;40;0;t1863
podkarpackie;Tarnobrzeg;5;1.07;;;;;8;107;44;11;32;1;t1864
podlaskie;augustowski;4;0.69;;;;;2;164;13;5;8;0;t2001
podlaskie;białostocki;13;0.86;;;;;24;464;62;15;47;0;t2002
podlaskie;bielski;1;0.18;;;;;12;181;15;4;11;0;t2003
podlaskie;grajewski;2;0.43;;;;;2;110;10;5;5;0;t2004
podlaskie;hajnowski;2;0.47;;;;2;15;168;24;4;20;0;t2005
podlaskie;kolneński;1;0.26;;;;;5;88;13;1;12;0;t2006
podlaskie;łomżyński;;;;;;;2;184;;;;;t2007
podlaskie;moniecki;1;0.25;1;1;;;3;106;5;1;4;0;t2008
podlaskie;sejneński;2;1.01;;;;;2;29;3;3;0;0;t2009
podlaskie;siemiatycki;4;0.91;;;;;6;109;12;4;8;0;t2010
podlaskie;sokólski;12;1.81;;;;;20;378;36;12;24;0;t2011
podlaskie;suwalski;2;0.56;;;;;2;113;6;2;4;0;t2012
podlaskie;wysokomazowiecki;5;0.88;;;;;4;175;16;5;10;1;t2013
podlaskie;zambrowski;6;1.38;;;;;11;256;21;6;15;0;t2014
podlaskie;Białystok;56;1.88;;;;4;59;1098;148;59;88;1;t2061
podlaskie;Łomża;1;0.16;;;;;19;286;8;1;7;0;t2062
podlaskie;Suwałki;3;0.43;1;;1;;12;361;18;3;15;0;t2063
pomorskie;bytowski;12;1.52;;;;;24;279;60;15;43;2;t2201
pomorskie;chojnicki;36;3.69;;;;;30;319;70;39;29;2;t2202
pomorskie;człuchowski;20;3.58;;;;;37;325;46;21;25;0;t2203
pomorskie;gdański;26;2.18;;;;;46;1134;77;26;50;1;t2204
pomorskie;kartuski;33;2.34;;;;;16;702;117;37;76;4;t2205
pomorskie;kościerski;9;1.24;;;;;27;315;38;9;28;1;t2206
pomorskie;kwidzyński;17;2.05;;;;;18;449;55;18;36;1;t2207
pomorskie;lęborski;9;1.36;;;;;13;206;33;10;23;0;t2208
pomorskie;malborski;1;0.16;;;;;19;770;29;1;28;0;t2209
pomorskie;nowodworski;2;0.56;;;;;14;311;13;2;10;1;t2210
pomorskie;pucki;7;0.80;;;;3;47;601;30;7;23;0;t2211
pomorskie;słupski;17;1.72;;;;;43;687;41;17;23;1;t2212
pomorskie;starogardzki;19;1.48;;;;;59;664;59;19;35;5;t2213
pomorskie;tczewski;41;3.55;;;;;80;634;153;43;108;2;t2214
pomorskie;wejherowski;52;2.38;;;;23;77;1202;144;54;81;9;t2215
pomorskie;sztumski;8;1.94;;;;;16;426;22;8;12;2;t2216
pomorskie;Gdańsk;83;1.76;;;;4;186;3591;310;90;204;16;t2261
pomorskie;Gdynia;68;2.77;;;;6;103;1506;192;70;122;0;t2262
pomorskie;Słupsk;21;2.33;;;;;41;739;62;23;38;1;t2263
pomorskie;Sopot;6;1.69;;;;;3;132;32;7;25;0;t2264
śląskie;będziński;31;2.10;;;;1;33;559;107;34;59;14;t2401
śląskie;bielski;4;0.24;;;;;38;533;67;5;52;10;t2402
śląskie;cieszyński;1;0.06;;;;;30;505;31;1;29;1;t2403
śląskie;częstochowski;10;0.74;;;;;20;321;54;12;36;6;t2404
śląskie;gliwicki;5;0.43;2;;2;;33;406;45;7;32;6;t2405
śląskie;kłobucki;6;0.71;;;;;6;137;35;7;28;0;t2406
śląskie;lubliniecki;6;0.79;;;;;14;246;23;8;15;0;t2407
śląskie;mikołowski;6;0.60;;;;;28;341;40;11;28;1;t2408
śląskie;myszkowski;1;0.14;;;;;10;292;11;1;8;2;t2409
śląskie;pszczyński;4;0.36;;;;;8;252;16;4;10;2;t2410
śląskie;raciborski;12;1.11;;;;;27;199;35;13;16;6;t2411
śląskie;rybnicki;2;0.26;;;;;10;182;7;2;5;0;t2412
śląskie;tarnogórski;11;0.78;;;;;19;471;46;12;28;6;t2413
śląskie;bieruńsko-lędziński;3;0.50;;;;;9;139;24;4;8;12;t2414
śląskie;wodzisławski;6;0.38;;;;;19;332;29;6;23;0;t2415
śląskie;zawierciański;4;0.34;;;;2;22;312;30;4;25;1;t2416
śląskie;żywiecki;7;0.46;;;;;8;371;55;8;38;9;t2417
śląskie;Bielsko-Biała;10;0.59;;;;;28;562;64;11;48;5;t2461
śląskie;Bytom;25;1.52;;;;3;20;387;74;26;42;6;t2462
śląskie;Chorzów;7;0.65;;;;;16;263;33;10;23;0;t2463
śląskie;Częstochowa;16;0.73;;;;;31;536;102;18;82;2;t2464
śląskie;Dąbrowa Górnicza;4;0.34;;;;2;28;385;27;4;23;0;t2465
śląskie;Gliwice;5;0.28;;;;2;45;651;70;13;52;5;t2466
śląskie;Jastrzębie-Zdrój;2;0.23;;;;;21;169;22;2;19;1;t2467
śląskie;Jaworzno;3;0.33;;;;;24;253;17;5;12;0;t2468
śląskie;Katowice;14;0.48;;;;1;51;900;104;16;83;5;t2469
śląskie;Mysłowice;9;1.21;;;;;8;177;31;9;18;4;t2470
śląskie;Piekary Śląskie;7;1.28;;;;;16;223;41;8;32;1;t2471
śląskie;Ruda Śląska;5;0.36;;;;;22;498;28;8;17;3;t2472
śląskie;Rybnik;13;0.94;;;;;18;304;35;13;19;3;t2473
śląskie;Siemianowice Śląskie;5;0.75;;;;;6;156;15;6;8;1;t2474
śląskie;Sosnowiec;17;0.85;;;;;44;519;83;19;59;5;t2475
śląskie;Świętochłowice;2;0.41;;;;;7;104;12;2;10;0;t2476
śląskie;Tychy;3;0.24;;;;;55;464;28;7;20;1;t2477
śląskie;Zabrze;16;0.93;;;;;39;450;56;16;39;1;t2478
śląskie;Żory;3;0.48;;;;;8;201;25;3;22;0;t2479
świętokrzyskie;buski;3;0.42;;;;;;110;20;4;14;2;t2601
świętokrzyskie;jędrzejowski;4;0.47;1;;1;;8;206;33;6;26;1;t2602
świętokrzyskie;kazimierski;2;0.60;;;;;;77;18;3;14;1;t2603
świętokrzyskie;kielecki;11;0.52;;;;1;23;268;164;14;130;20;t2604
świętokrzyskie;konecki;6;0.75;;;;;2;150;38;6;32;0;t2605
świętokrzyskie;opatowski;7;1.35;2;;2;;4;89;17;7;10;0;t2606
świętokrzyskie;ostrowiecki;12;1.11;;;;;4;270;52;16;33;3;t2607
świętokrzyskie;pińczowski;1;0.26;;;;;6;145;16;1;13;2;t2608
świętokrzyskie;sandomierski;17;2.22;;;;;15;282;57;20;37;0;t2609
świętokrzyskie;skarżyski;2;0.27;;;;;9;118;47;6;37;4;t2610
świętokrzyskie;starachowicki;4;0.45;;;;;16;176;40;5;33;2;t2611
świętokrzyskie;staszowski;2;0.28;;;;;6;125;46;3;42;1;t2612
świętokrzyskie;włoszczowski;2;0.45;;;;;1;80;16;2;14;0;t2613
świętokrzyskie;Kielce;9;0.46;1;;1;3;24;189;72;12;54;6;t2661
warmińsko-mazurskie;bartoszycki;;;;;;;25;426;11;2;9;0;t2801
warmińsko-mazurskie;braniewski;5;1.22;;;;;14;353;16;6;10;0;t2802
warmińsko-mazurskie;działdowski;6;0.92;;;;;37;537;27;8;19;0;t2803
warmińsko-mazurskie;elbląski;26;4.56;;;;1;47;602;50;27;23;0;t2804
warmińsko-mazurskie;ełcki;3;0.33;1;;1;1;30;433;19;4;15;0;t2805
warmińsko-mazurskie;giżycki;11;1.95;;;;;59;423;24;11;13;0;t2806
warmińsko-mazurskie;iławski;10;1.08;;;;3;43;883;36;11;25;0;t2807
warmińsko-mazurskie;kętrzyński;22;3.55;;;;1;37;419;35;22;13;0;t2808
warmińsko-mazurskie;lidzbarski;4;0.97;;;;;14;204;17;4;13;0;t2809
warmińsko-mazurskie;mrągowski;1;0.20;;;;;26;284;4;1;3;0;t2810
warmińsko-mazurskie;nidzicki;;;;;;;12;257;8;0;8;0;t2811
warmińsko-mazurskie;nowomiejski;2;0.46;;;;1;31;391;8;2;6;0;t2812
warmińsko-mazurskie;olecki;3;0.88;;;;;7;249;8;3;5;0;t2813
warmińsko-mazurskie;olsztyński;39;3.07;;;;3;111;1218;87;41;46;0;t2814
warmińsko-mazurskie;ostródzki;37;3.56;;;;;77;998;73;41;28;4;t2815
warmińsko-mazurskie;piski;2;0.36;;;;;26;484;10;2;8;0;t2816
warmińsko-mazurskie;szczycieński;17;2.45;;;;;65;472;43;17;26;0;t2817
warmińsko-mazurskie;gołdapski;7;2.63;;;;;6;182;12;7;5;0;t2818
warmińsko-mazurskie;węgorzewski;2;0.89;;;;;46;186;5;2;3;0;t2819
warmińsko-mazurskie;Elbląg;63;5.29;;;;;88;1172;112;63;49;0;t2861
warmińsko-mazurskie;Olsztyn;55;3.20;;;;1;132;1483;143;57;82;4;t2862
wielkopolskie;chodzieski;3;0.64;;;;;15;143;21;3;18;0;t3001
wielkopolskie;czarnkowsko-trzcianecki;29;3.34;1;;1;;60;693;45;30;15;0;t3002
wielkopolskie;gnieźnieński;22;1.51;;;;1;72;681;71;23;47;1;t3003
wielkopolskie;gostyński;7;0.92;;;;1;5;211;25;7;18;0;t3004
wielkopolskie;grodziski;15;2.89;;;;;14;298;37;15;21;1;t3005
wielkopolskie;jarociński;8;1.12;;;;;26;299;34;9;22;3;t3006
wielkopolskie;kaliski;4;0.48;1;;1;;14;274;38;12;26;0;t3007
wielkopolskie;kępiński;8;1.42;;;;2;26;264;19;8;11;0;t3008
wielkopolskie;kolski;6;0.69;1;;1;;10;237;41;7;34;0;t3009
wielkopolskie;koniński;13;1.00;;;;;40;545;42;16;25;1;t3010
wielkopolskie;kościański;5;0.63;;;;;24;422;82;16;65;1;t3011
wielkopolskie;krotoszyński;7;0.91;;;;;17;313;19;7;12;0;t3012
wielkopolskie;leszczyński;8;1.39;;;;;18;242;39;8;28;3;t3013
wielkopolskie;międzychodzki;5;1.36;;;;;17;231;15;5;10;0;t3014
wielkopolskie;nowotomyski;22;2.91;1;;1;;38;353;39;22;17;0;t3015
wielkopolskie;obornicki;10;1.67;;;;;31;487;27;11;16;0;t3016
wielkopolskie;ostrowski;29;1.79;;;;2;37;371;78;31;45;2;t3017
wielkopolskie;ostrzeszowski;8;1.44;1;;1;;52;178;26;9;17;0;t3018
wielkopolskie;pilski;28;2.06;2;;2;;62;770;68;30;35;3;t3019
wielkopolskie;pleszewski;4;0.64;;;;;10;169;32;11;20;1;t3020
wielkopolskie;poznański;77;1.91;1;1;;7;200;2795;362;106;252;4;t3021
wielkopolskie;rawicki;6;1.00;;;;;15;191;20;7;12;1;t3022
wielkopolskie;słupecki;9;1.52;;;;1;49;518;24;11;13;0;t3023
wielkopolskie;szamotulski;6;0.65;;;;1;48;801;36;10;26;0;t3024
wielkopolskie;średzki;5;0.85;;;;;5;293;16;6;10;0;t3025
wielkopolskie;śremski;3;0.49;;;;;13;280;16;3;13;0;t3026
wielkopolskie;turecki;11;1.31;;;;;19;279;44;12;28;4;t3027
wielkopolskie;wągrowiecki;4;0.57;;;;;11;248;22;10;11;1;t3028
wielkopolskie;wolsztyński;8;1.39;;;;;4;257;29;9;20;0;t3029
wielkopolskie;wrzesiński;19;2.43;;;;6;45;738;38;20;18;0;t3030
wielkopolskie;złotowski;14;2.02;;;;2;30;508;33;15;18;0;t3031
wielkopolskie;Kalisz;4;0.40;1;;1;;17;278;78;19;58;1;t3061
wielkopolskie;Konin;10;1.37;;;;;33;367;32;11;21;0;t3062
wielkopolskie;Leszno;7;1.11;;;;;29;234;48;7;40;1;t3063
wielkopolskie;Poznań;94;1.76;6;6;;6;305;2972;530;114;405;11;t3064
zachodniopomorskie;białogardzki;4;0.84;;;;;36;434;20;7;11;2;t3201
zachodniopomorskie;choszczeński;17;3.54;;;;4;29;352;38;19;17;2;t3202
zachodniopomorskie;drawski;3;0.53;;;;;25;588;11;3;8;0;t3203
zachodniopomorskie;goleniowski;14;1.70;;;;2;41;857;49;17;30;2;t3204
zachodniopomorskie;gryficki;9;1.50;;;;;31;467;24;10;12;2;t3205
zachodniopomorskie;gryfiński;63;7.72;;;;;38;905;111;65;44;2;t3206
zachodniopomorskie;kamieński;24;5.12;;;;;23;376;36;25;10;1;t3207
zachodniopomorskie;kołobrzeski;19;2.39;;;;;45;438;58;19;39;0;t3208
zachodniopomorskie;koszaliński;14;2.11;;;;6;23;385;33;15;18;0;t3209
zachodniopomorskie;myśliborski;8;1.22;;;;;42;443;37;10;27;0;t3210
zachodniopomorskie;policki;56;6.89;;;;1;61;818;124;63;59;2;t3211
zachodniopomorskie;pyrzycki;15;3.82;;;;;18;381;31;16;15;0;t3212
zachodniopomorskie;sławieński;18;3.21;;;;2;7;363;31;18;13;0;t3213
zachodniopomorskie;stargardzki;28;2.33;;;;1;46;936;76;31;44;1;t3214
zachodniopomorskie;szczecinecki;7;0.90;4;;4;2;31;453;19;7;11;1;t3215
zachodniopomorskie;świdwiński;5;1.07;;;;;10;251;23;7;16;0;t3216
zachodniopomorskie;wałecki;5;0.94;;;;3;41;522;17;5;11;1;t3217
zachodniopomorskie;łobeski;5;1.37;;;;;23;265;16;8;8;0;t3218
zachodniopomorskie;Koszalin;24;2.25;;;;7;45;738;70;25;44;1;t3261
zachodniopomorskie;Szczecin;194;4.84;;;;1;238;3178;502;216;282;4;t3262
zachodniopomorskie;Świnoujście;25;6.12;;;;;24;333;49;26;22;1;t3263
